{"Bounds":{"NorthEast":{"Latitude":0.74453278046263449,"Longitude":0.74453278046257765},"SouthWest":{"Latitude":-0.74453278046263449,"Longitude":-0.74453278046257765}},"Errors":[],"Locations":[],"ServicesGroupes":null}